"計算対象","日付","内容","金額（円）","保有金融機関","大項目","中項目","メモ","振替","ID"
"1","2023/09/30","マネーフォワード","-500","三井住友カード","通信費","情報サービス","","0","kiN1tfBXD7e68AIHUE67lQ"
"1","2023/09/30","マネーフォワード","-500","三井住友カード","通信費","情報サービス","","0","oPokr34XUGFMdwMSvEsnlw"
"1","2023/09/30","まいばすけっと武蔵境駅前/iD","-106","三井住友カード","食費","食料品","","0","YD2pGebGCpzHzwHK_xVoHw"
"1","2023/09/30","メガロス 三鷹","-880","三井住友カード","健康・医療","フィットネス","","0","gRKJzfX7ZlvgMrnD-7pkWQ"
"1","2023/09/30","オーケー三鷹北口店/iD","-3098","三井住友カード","食費","食料品","","0","7NhVc7_HNBn-cm7kUB4fJQ"
"1","2023/09/30","三鷹マルシェ","-800","財布（青木家）","日用品","子育て用品","","0","uAdko0Btrl04FbrwEqApfw"
"1","2023/09/30","東大楼","-2250","財布（青木家）","食費","外食","","0","X2BnbMoeHQuHOylh1aqbDg"
"1","2023/09/29","セコム","-5060","三井住友カード","水道・光熱費","セキュリティ","","0","QXcqKxWq4f9W8cqWpAumyA"
"1","2023/09/29","武蔵境病院付属あんずクリニック","-780","三井住友カード","健康・医療","医療費","","0","7_hxQlzTNAvjGVSY0SR2EA"
"1","2023/09/29","振込1 デイエツクスプラナ(ド","224502","三菱UFJ銀行","収入","給与","","0","oNnuYhd9EZlCTqajOuw6pA"
"1","2023/09/29","振込2 カ)ライトアツプ","42625","三菱UFJ銀行","収入","事業・副業","","0","6kLsf1M76OXudBeA9bu7Hg"
"0","2023/09/29","振替 SBI証券","-1600","住信SBIネット銀行(一晃)","特別な支出","投資","","1","4BhndVW_BhL3uxhYvzFz3A"
"1","2023/09/29","セブン-イレブン/iD","-2348","三井住友カード","食費","食料品","","0","GiF_0EIlRTUnX4vfl3O5sg"
"1","2023/09/29","丸亀製麺 武蔵境/NFC","-2500","三井住友カード","食費","外食","","0","eBuxMZxIBhW9BlUIt1jCfA"
"1","2023/09/29","クイーンズ伊勢丹 武蔵境","-3304","三井住友カード","食費","食料品","","0","I2psPCWzshs-YjZxpH2Ywg"
"1","2023/09/28","駆け込み完全マスター! 売上1,000万円以下の個人事業のためのインボイス制度 販売: アマゾンジャパン合同会社","-1100","Amazon.co.jp","日用品","お小遣い(美代子)","","0","ydqszeqw_hzTcMwiZMOlPQ"
"1","2023/09/28","【Amazon.co.jp 限定】【インボイス対応版】ひとり社長の経理の基本(ダウンロード特典:ひとり社長専用の決算チェックリスト) 販売: アマゾンジャパン合同会社","-1760","Amazon.co.jp","日用品","お小遣い(美代子)","","0","raGwSVIbnfqHtrbhPnVO-A"
"1","2023/09/28","いなげや 武蔵野関前店","-2486","三井住友カード","食費","食料品","","0","q7RpbLF0SD8SDInG-qlwdQ"
"0","2023/09/28","振替 SBI証券","-2050","住信SBIネット銀行(一晃)","特別な支出","投資","","1","iuV_dhc63ZkQHeF88Jubsg"
"0","2023/09/28","AMAZON.CO.JP","-1100","三井住友カード","特別な支出","家具・家電","","1","CBic2QfqTnNI_WdHg6tJEA"
"0","2023/09/28","AMAZON.CO.JP","-1760","三井住友カード","特別な支出","家具・家電","","1","40jQQvZBmt2wI2hRsTorWw"
"1","2023/09/28","ローソン/iD","-1864","三井住友カード","日用品","お小遣い(一晃)","","0","WvXJq1q5A2idkIJzaBMwMw"
"1","2023/09/27","ペイペイカ-ド","-508","三井住友銀行(一晃)","その他","雑費","","0","EGFAqQPH5vtb_pxZcmfs4w"
"0","2023/09/27","振替 SBI証券","-2900","住信SBIネット銀行(一晃)","特別な支出","投資","","1","AoKEvQ41s3QwaC_OkwxfVQ"
"1","2023/09/27","ローソン/iD","-615","三井住友カード","日用品","お小遣い(一晃)","","0","AEq-BY9DDqdJHYEpA8SWTw"
"1","2023/09/26","Kindle Unlimited 販売: Amazon Services International LLC","-980","Amazon.co.jp","教養・教育","書籍","","0","S9ta7C6NzjS6AVRxWXYU5Q"
"0","2023/09/26","DF.ウエルスナビ","-15000","三井住友銀行(一晃)","その他","事業投資","","1","W6AuSqh6FKZYN9CjcmvjrA"
"1","2023/09/26","TAIRAYA武蔵境店","-2837","三井住友カード","食費","食費","","0","pxuW60lwzJZi_AGxdQQi8Q"
"0","2023/09/26","パルシステム東京(増資等)","-600","三井住友カード","食費","食料品","","1","Xfn4GrmR-jI-WyqjTEm-Ow"
"0","2023/09/26","Amazon Downloads","-980","三井住友カード","教養・教育","書籍","","1","ZvkmVMqqCbWQxUD8tNx05A"
"0","2023/09/26","パルシステム東京(宅配利用代金)","-20986","三井住友カード","食費","食料品","","1","-mzEvuVBPtSn6vh-WM5I_A"
"0","2023/09/26","振替 SBI証券","-2400","住信SBIネット銀行(一晃)","特別な支出","投資","","1","s4r657XGG9Dg2uSm8vbe3A"
"1","2023/09/25","オムロン(OMRON) 歩数計 ホワイト HJ-325-W 販売: アマゾンジャパン合同会社","-1209","Amazon.co.jp","日用品","お小遣い(美代子)","","0","DV03A3Q_b9Sx9iuv43yztw"
"1","2023/09/25","ゾネントア SONNENTOR ハーブティー オーガニック ティーバッグ アソート 20種類のお茶 販売: アマゾンジャパン合同会社","-1452","Amazon.co.jp","日用品","お小遣い(美代子)","","0","AdJ-kUW8Bci21T_wb6L11Q"
"1","2023/09/25","武蔵境病院付属あんずクリニック","-2230","三井住友カード","健康・医療","医療費","","0","SW3U0YHwB6aCGkJl0_9iQA"
"0","2023/09/25","AMAZON.CO.JP","-2661","三井住友カード","特別な支出","家具・家電","","1","5iYgwCpHcMHQN2V3mjOW8g"
"0","2023/09/25","振替 SBI証券","-1600","住信SBIネット銀行(一晃)","特別な支出","投資","","1","9-dF8_NWFfsymE2Daya_Mg"
"1","2023/09/25","給料振込 ミツイジヨウホウ(カ","339282","三井住友銀行(一晃)","収入","給与","","0","sB2HTwV8mZXtdNgWPpIFRw"
"1","2023/09/25","振込 トウデンPG コウニユウ","2751","三井住友銀行(一晃)","収入","太陽光発電　売電気","","0","gc_W9_kifUXfXfOv4h13xQ"
"1","2023/09/24","メニユー","-980","三井住友カード","食費","外食","","0","BJsmQ_ZVG7l_PxCh_HCP1Q"
"1","2023/09/24","パークス小金井","-370","三井住友カード","食費","外食","","0","X5O_h3PHEzEzBy2TlddqRA"
"1","2023/09/24","コ―ク オン ペイ","-150","三井住友カード","日用品","お小遣い(美代子)","","0","9XVZ5CUbpdleXIukLDxvlg"
"1","2023/09/24","コ―ク オン ペイ","-180","三井住友カード","日用品","お小遣い(美代子)","","0","HflJMUbJs4C3RC5ud2jWmQ"
"1","2023/09/24","パークス小金井","-530","三井住友カード","食費","外食","","0","0E-Xf-vrhQpYf3Km3ygGuQ"
"1","2023/09/24","nonowa武蔵境/iD","-1742","三井住友カード","食費","食料品","","0","rMZ9LANkrRRe2qxh9jCiVg"
"1","2023/09/24","ロイヤルホスト武蔵境店/iD","-3773","三井住友カード","食費","外食","","0","zh_KPWp8H9Ieh7mTPunrVA"
"1","2023/09/24","飲料自販機/iD","-160","三井住友カード","食費","食料品","","0","D4s0uDIl5LmrMEWyeda0ow"
"1","2023/09/24","飲料自販機/iD","-150","三井住友カード","食費","食料品","","0","NwQz8YrOf3eiY64Q1Mw54Q"
"1","2023/09/23","NETFLIX.COM","-1490","三井住友カード","趣味・娯楽","映画・音楽・ゲーム","","0","YhuEzLrcs-w2LRGfMXqGxQ"
"1","2023/09/23","lojiurakitchen/iD","-1080","三井住友カード","食費","外食","","0","YVDfREJuoyGkVP7Ot60_aQ"
"1","2023/09/23","オーケー三鷹北口店/iD","-751","三井住友カード","食費","食料品","","0","Yx88t6mU_0o4OSrF2Y4Syg"
"1","2023/09/23","飲料自販機/iD","-130","三井住友カード","食費","食料品","","0","ayCmL_XyHhFSIU4JqV0FCQ"
"1","2023/09/22","いなげや 武蔵野関前店","-4560","三井住友カード","食費","食料品","","0","2ba7LDU3L2wSx_65UuJgLw"
"1","2023/09/22","武蔵境病院付属あんずクリニック","-2580","三井住友カード","健康・医療","医療費","","0","gclofWBM8SUD5tnnkZf8bQ"
"1","2023/09/22","その他請求分(9月4回)","500","パルシステム","未分類","未分類","","0","ItGzCGUa4roOac5bnYM1Qg"
"1","2023/09/22","積立増資(9月4回)","-200","パルシステム","食費","食料品","","0","0KtGo6Vb_-xOHND0MaNUOA"
"1","2023/09/22","パルシステム手数料(9月4回)","-165","パルシステム","その他","雑費","","0","SkyvECNZ7WIAQXn2YETcsQ"
"1","2023/09/22","南山堂薬局武蔵境駅前店","-980","三井住友カード","健康・医療","薬","","0","pD3wmyqkBYctPsz4Qd2rDQ"
"1","2023/09/22","Bateau a tartes/iD","-1380","三井住友カード","日用品","お小遣い(美代子)","","0","zvw0crxcJe8U3-o6kvTNqw"
"1","2023/09/22","日本鞄材株式会社","-1680","三井住友カード","趣味・娯楽","旅行","","0","Zqdlt6oImLgvyk5BDsRdaQ"
"1","2023/09/22","サイゼリヤ/NFC","-1400","三井住友カード","食費","外食","","0","panqmy8FPa5kdRCXyf7I9Q"
"1","2023/09/22","YSP三井情報ビル/iD","-162","三井住友カード","食費","外食","","0","X-y2GFKJ2vd_BwKCaoe8JA"
"1","2023/09/22","YSP三井情報ビル/iD","-285","三井住友カード","食費","外食","","0","FPbld-IelczxItfjWnl-_g"
"1","2023/09/22","増資(課税対象外)","-200","パルシステム","食費","食費","","0","sDWR1e0zaDFQc-AHB3_3Gw"
"1","2023/09/22","毎週お届け 3日分の時短ごはんセット 2人分 レシピ","-4542","パルシステム","食費","食料品","","0","_yo4Q68zWV-xcvKchLsg6Q"
"1","2023/09/22","【定期お届け】 【毎週】酪農家の低脂肪牛乳 1000ml レシピ","-279","パルシステム","食費","食料品","","0","ESae--0_4wIOxP3clabBIg"
"1","2023/09/22","【定期お届け】 【毎週】酪農家の牛乳 1000ml レシピ","-873","パルシステム","食費","食料品","","0","_3OVa_s0-p6sLw99B8-7QQ"
"0","2023/09/22","パソコン振込 アオキ カズアキ","-500000","三井住友銀行(美代子)","衣服・美容","衣服","","1","ZE-32qtts44zCC2u5556xQ"
"0","2023/09/22","振替 SBI証券","-2050","住信SBIネット銀行(一晃)","特別な支出","投資","","1","XgQhkQEguMqYmJ2d2tmOuA"
"0","2023/09/22","パソコン振替 814フツウ3707711","94","三井住友銀行(一晃)","収入","カードローン","","1","sDdme24SYpIR33e0n-hYKA"
"1","2023/09/22","お利息額他","-94","三井住友銀行(一晃)","特別な支出","カードローン返済","","0","ShZEJSldWo56E5TTvNboAw"
"0","2023/09/22","パソコン振替 814フツウ3707711","92701","三井住友銀行(一晃)","収入","カードローン","","1","l3gHxxwMSQpwZwp4L1ER8g"
"0","2023/09/22","パソコン振替 814フツウ4631098","-94","三井住友銀行(一晃)","特別な支出","カードローン返済","","1","GqRN_Vu2SyKDIg7UosM5dA"
"0","2023/09/22","パソコン振替 814フツウ4631098","-92701","三井住友銀行(一晃)","特別な支出","カードローン返済","","1","zPnUjcY4fNOWeyTawA0WHw"
"0","2023/09/22","振込 アオキ ミヨコ","500000","三井住友銀行(一晃)","収入","給与","","1","Hiu-19cT5z97FIkmg5kezg"
"1","2023/09/21","ムサシノジドウシヤコウツウカブシキ","-700","VIEW CARD(VIEW's NET サービスID)","交通費","タクシー","","0","yEbIjcmCUYjk_NvGTsnS2g"
"0","2023/09/21","振替 SBI証券","-2900","住信SBIネット銀行(一晃)","特別な支出","投資","","1","ePj9zxG7ZnEU-9k5E7wCxA"
"0","2023/09/21","振込IB2 アオキ ミヨコ","-500000","三菱UFJ銀行","衣服・美容","衣服","","1","4KDuyAZCf4It07B8w8j1lA"
"0","2023/09/21","振込 アオキ ミヨコ","500000","三井住友銀行(美代子)","収入","給与","","1","9ROCbmYph1QPKM8hu78YHA"
"1","2023/09/21","口座振替3 アメリカンエキスプレス","-2591","三菱UFJ銀行","現金・カード","カード引き落とし","","0","jBuU3qwhJcxlVFb9dd2B6w"
"1","2023/09/20","ローソン/iD","-2716","三井住友カード","日用品","お小遣い(一晃)","","0","US8hQ7-e5qr4YCO-rizSbw"
"1","2023/09/20","日本通信株式会社","-1993","三井住友カード","通信費","携帯電話","","0","_ngNUCne1mIyucZZUduw1Q"
"1","2023/09/20","日本通信株式会社","-2192","三井住友カード","通信費","携帯電話","","0","EyP6Msw-9yojIwqGkw44KA"
"0","2023/09/20","カードローン","-15000","三井住友銀行(一晃)","住宅","ローン返済","","1","Z3_2Sf_wPTomb4RyDwKWhw"
"0","2023/09/20","DF.ウエルスナビ","-15000","三井住友銀行(一晃)","その他","事業投資","","1","BM9MbH4YLMhM5DAgSZFMmQ"
"0","2023/09/20","カードローン","15000","三井住友銀行(一晃)","収入","カードローン","","1","5Wm5dvqPVHUxAfv5NWu31A"
"0","2023/09/20","振替 SBI証券","-2400","住信SBIネット銀行(一晃)","特別な支出","投資","","1","FwGYE10KoQ0hwfVmq5hrdQ"
"0","2023/09/19","振替 SBI証券","-1600","住信SBIネット銀行(一晃)","特別な支出","投資","","1","5-TA7ILM1Ziw1cjOAuF0Fw"
"1","2023/09/18","ミニストップ 成田空港第1ターミナル","-538","三井住友カード","食費","その他食費","","0","pkECcDwKCHHRAwb8vfwC4A"
"1","2023/09/18","井口 タクシー","-700","三井住友カード","交通費","タクシー","","0","yMmcZwfL1I4uOXz-coHwZQ"
"1","2023/09/18","三鷹駅 オートチャージ(モバイル)","-3000","VIEW CARD(VIEW's NET サービスID)","交通費","交通費","","0","SKhucYqyI8pwLboPoNxaRQ"
"1","2023/09/18","えきねっと","-2240","VIEW CARD(VIEW's NET サービスID)","交通費","電車","","0","aOdvPd8VPrXxjvj9JwY7Iw"
"1","2023/09/18","丸亀製麺 武蔵境/NFC","-2280","三井住友カード","食費","外食","","0","FN4p2B35yszz6O7-EfUzYQ"
"1","2023/09/18","アトレヴィ三鷹","-1830","三井住友カード","日用品","お小遣い(美代子)","","0","q4RvmYTzKONrUn4CPUvXYw"
"1","2023/09/18","PAYPAL *IKI LINKS (4029357733 )","-21941","三井住友カード","趣味・娯楽","旅行","","0","Wd4SWLYvAY_aQ72BHQIZ2w"
"1","2023/09/18","日本通信株式会社","-3688","三井住友カード","通信費","携帯電話","","0","p8vPBr58B64JMmBmZPu-TQ"
"1","2023/09/18","飲料自動販売機(JAMA)/iD","-150","三井住友カード","日用品","お小遣い(一晃)","","0","9Lgzbtw-YwPLsRvl4FsvIA"
"1","2023/09/17","CHANGI LOUNGE (SINGAPORE )","-8843","三井住友カード","趣味・娯楽","旅行","","0","uBJfDeDfSQb9mHxhEY7Jhw"
"1","2023/09/17","SZ RETAIL ZOOSHOP (SINGAPORE )","-5443","三井住友カード","趣味・娯楽","旅行","","0","b4yQZSQihyII_c-nO_3WeQ"
"1","2023/09/17","FRUITS VENDING PTE LTD (SINGAPORE )","-333","三井住友カード","趣味・娯楽","旅行","","0","iDr4pePl85XoIjfBd5Q_Xw"
"1","2023/09/17","7 ELEVEN-JEWEL CHANGI (SINGAPORE )","-1844","三井住友カード","趣味・娯楽","旅行","","0","Rm-sEKHDAsdhHZPw7ygtBg"
"1","2023/09/17","WILD ANIMAL CAROUSEL (SINGAPORE )","-444","三井住友カード","趣味・娯楽","旅行","","0","ubBc12yCfQEHes9jGVrhyQ"
"1","2023/09/17","WILD ANIMAL CAROUSEL (SINGAPORE )","-444","三井住友カード","趣味・娯楽","旅行","","0","lu71ojY_GvnZ_-lOuOdf0g"
"1","2023/09/17","MANDAI WILDLIFE GROUP SZ_(SINGAPORE )","-6666","三井住友カード","趣味・娯楽","旅行","","0","8oK_522gT4ZSPJbO7RmzVg"
"1","2023/09/17","MONSTER PLANET JEWEL (SINGAPORE )","-7552","三井住友カード","趣味・娯楽","旅行","","0","G-yozwakEw_Enpu-ZNrPhg"
"1","2023/09/17","HAPPY ICE PTE LTD (SINGAPORE )","-333","三井住友カード","趣味・娯楽","旅行","","0","tPzZyEe_hZ8vRHCF72Bvcw"
"1","2023/09/17","GRAB* A-5EFAIQDGWGW5 (SINGAPORE )","-2745","三井住友カード","趣味・娯楽","旅行","","0","tF5Mk1XyN72oOlnTWh_suw"
"1","2023/09/17","HOUBII SPOT (SINGAPORE )","-2223","三井住友カード","趣味・娯楽","旅行","","0","Dss_bRgmIwEgy3rS2tsHmw"
"1","2023/09/17","GRAB* A-5EFFO52GWFK5 (SINGAPORE )","-2800","三井住友カード","趣味・娯楽","旅行","","0","EyvfHdBuMgOaeCadM0aenw"
"1","2023/09/16","SHARETEA-LUCKY PLAZA (SINGAPORE )","-511","三井住友カード","趣味・娯楽","旅行","","0","A_IT-CrjyCoKsKbrYlUBGg"
"1","2023/09/16","7-ELEVEN -PARAGON (SINGAPORE )","-1127","三井住友カード","趣味・娯楽","旅行","","0","VNiT4M4-jueBHB_A-bijGA"
"1","2023/09/16","APPLE COM BILL","-400","三井住友カード","通信費","その他通信費","","0","2PiGjeMvxdkqzFRJAV9BeQ"
"1","2023/09/16","GRAB* A-5EEDEI6GWF9X (SINGAPORE )","-2867","三井住友カード","趣味・娯楽","旅行","","0","6l8LYISeaicT_DdXlBxUdA"
"1","2023/09/16","GAROAD (MALAYSIA) SDN BHD(JOHOR BAHRU )","-2999","三井住友カード","趣味・娯楽","旅行","","0","EypF19YqmvaLKYOsPZCnDg"
"1","2023/09/15","パルシステム手数料(9月3回)","-165","パルシステム","その他","雑費","","0","R-QISNThKj5Nyg9IDothVg"
"1","2023/09/15","CARING PHARMACY-THE MA (JOHOR BAHRU )","-1507","三井住友カード","趣味・娯楽","旅行","","0","6hCTpUgJ1957M0WYWyFzTQ"
"1","2023/09/15","HAZUKIDO SOUTHERN SDN BHD(PERSIARAN SOU)","-619","三井住友カード","趣味・娯楽","旅行","","0","g8CmBY2TPECMoFC0MMfTiw"
"1","2023/09/15","DMR-SOUTHKEY MALL (JOHOR BAHRU )","-387","三井住友カード","趣味・娯楽","旅行","","0","9_SPmxr_dLpWS-f1YoSDxQ"
"1","2023/09/15","VILLAGE GROCER-SOUTHKEY (JOHOR BAHRU )","-3711","三井住友カード","趣味・娯楽","旅行","","0","CkABKwo5qNlQQOBGj1AFlQ"
"1","2023/09/15","THONG YEE THONG (JOHOR BAHRU )","-4106","三井住友カード","趣味・娯楽","旅行","","0","MUYhZfZ3M-u906GKsb0aHA"
"1","2023/09/15","MA MAISON TONKTS-SW PY (SUBANG JAYA )","-3160","三井住友カード","趣味・娯楽","旅行","","0","psHhp0Rnia4OAZLM7PC2FA"
"1","2023/09/15","GRAB RIDES-EC (PETALING JAYA)","-258","三井住友カード","趣味・娯楽","旅行","","0","n4uGnlC78_HYjMO06MxHzw"
"1","2023/09/15","GRAB RIDES-EC (PETALING JAYA)","-710","三井住友カード","趣味・娯楽","旅行","","0","ZEQtMzUlZp_SG8BFO8Tsqw"
"1","2023/09/15","MASLEE EXPRESS-MOLEK PINE(JOHOR BAHRU )","-892","三井住友カード","趣味・娯楽","旅行","","0","42JqNwYb_x9BkaLlVXzNUQ"
"1","2023/09/15","GRAB RIDES-EC (PETALING JAYA)","-387","三井住友カード","趣味・娯楽","旅行","","0","xX2GUsg7Fm5ItblB0svTJQ"
"1","2023/09/15","MANDAI WILDLIFE GROUP MAN(SINGAPORE )","-24328","三井住友カード","趣味・娯楽","旅行","","0","CMdYrdOnF4xRNG2DeJZZZw"
"0","2023/09/15","振替 SBI証券","-1600","住信SBIネット銀行(一晃)","特別な支出","投資","","1","BEEzP-FJU0W4A21XFa7rmA"
"1","2023/09/15","毎週お届け 3日分の時短ごはんセット 2人分 レシピ","-3935","パルシステム","食費","食料品","","0","aKBswQn9g6GPTS6iA6cCtQ"
"1","2023/09/15","【定期お届け】 【毎週】酪農家の低脂肪牛乳 1000ml レシピ","-279","パルシステム","食費","食料品","","0","eXpUPXx2-usSePHbyWorzQ"
"1","2023/09/15","【定期お届け】 【毎週】酪農家の牛乳 1000ml レシピ","-873","パルシステム","食費","食料品","","0","rc9OmiA7CeJwJTSIDoaYTQ"
"1","2023/09/14","DESARUCOAST ADVENTUREPARK(BDR PENAWAR )","-14532","三井住友カード","趣味・娯楽","旅行","","0","dLAJyMairguoS1ZePp5bOA"
"1","2023/09/14","TEA GARDEN-TAMAN MOLEK (JOHOR BAHRU )","-1211","三井住友カード","趣味・娯楽","旅行","","0","pklLGCyY-E5yfv7PhqNlYQ"
"1","2023/09/14","DESARUCOAST ADVENTUREPARK(BDR PENAWAR )","-1291","三井住友カード","趣味・娯楽","旅行","","0","JV1sd6creVDgfK-x6YBZOA"
"1","2023/09/14","HARD ROCK HOTEL DESARU (DESARU )","-419","三井住友カード","趣味・娯楽","旅行","","0","kXgYiRyHsBf1NfgO6uoSAA"
"1","2023/09/14","HARD ROCK HOTEL DESARU (DESARU )","-968","三井住友カード","趣味・娯楽","旅行","","0","V5zS2HyBdprR8rEwrGuY8g"
"1","2023/09/14","HARD ROCK HOTEL DESARU (DESARU )","-2196","三井住友カード","趣味・娯楽","旅行","","0","dwpjvvndRXrBA4cgMtvBAg"
"1","2023/09/14","GRAB RIDES-EC (PETALING JAYA)","-355","三井住友カード","趣味・娯楽","旅行","","0","eOyNn6Q7QzDEib9-Lx-sYw"
"1","2023/09/14","GRAB RIDES-EC (PETALING JAYA)","-4069","三井住友カード","趣味・娯楽","旅行","","0","ndtV2X15D_FAVH2kSfSZTA"
"1","2023/09/14","GRAB RIDES-EC (PETALING JAYA)","-319","三井住友カード","趣味・娯楽","旅行","","0","Bql17yrdUm0ZEyuzdmFjHg"
"1","2023/09/14","MASLEE EXPRESS-MOLEK PINE(JOHOR BAHRU )","-707","三井住友カード","趣味・娯楽","旅行","","0","mRobubZVQP4I8RenhvunNA"
"1","2023/09/14","GAROAD (MALAYSIA) SDN BHD(JOHOR BAHRU )","-2585","三井住友カード","趣味・娯楽","旅行","","0","U9lEJavFilBdCtMf_ckVIQ"
"1","2023/09/14","日本通信株式会社","-212","三井住友カード","通信費","携帯電話","","0","xrOrg31Jru77foqxI2ffZA"
"0","2023/09/14","振替 SBI証券","-2050","住信SBIネット銀行(一晃)","特別な支出","投資","","1","P1jSDBLmbWYrzhSAVo5BVw"
"1","2023/09/13","VILLAGE GROCER-SOUTHKEY (JOHOR BAHRU )","-703","三井住友カード","趣味・娯楽","旅行","","0","oMhC6kqcmQhJLjIbYd0jwA"
"1","2023/09/13","GARRETT POPCORN -SOUTHKEY(JOHOR BAHRU )","-580","三井住友カード","趣味・娯楽","旅行","","0","26iVcaBBQW1bcROdS0Np2g"
"1","2023/09/13","OGENKI MART (JOHOR BAHRU )","-1761","三井住友カード","趣味・娯楽","旅行","","0","0ynvIa2YTtiJXv8tFnv2SQ"
"1","2023/09/13","SUSHI ZANMAI-THE MALL (JOHOR BAHRU )","-2451","三井住友カード","趣味・娯楽","旅行","","0","Iou4Wm2OL-1-Tx8X5aE1lA"
"1","2023/09/13","IJ PHARMACY - TMS (JOHOR BAHRU )","-1948","三井住友カード","趣味・娯楽","旅行","","0","-bZbbUbj0EA915tffizoWg"
"1","2023/09/13","TEA GARDEN-TAMAN MOLEK (JOHOR BAHRU )","-1090","三井住友カード","趣味・娯楽","旅行","","0","2QXsj0iTwhdfRMSgZKY5mQ"
"1","2023/09/13","GRAB RIDES-EC (PETALING JAYA)","-290","三井住友カード","趣味・娯楽","旅行","","0","5PloLkzwRT80-eAG3Il6SA"
"0","2023/09/13","振替 SBI証券","-2900","住信SBIネット銀行(一晃)","特別な支出","投資","","1","PI_PWT-BqP9sr96b0pVx_A"
"0","2023/09/12","海外キャッシュサービス","33453","財布（青木家）","未分類","未分類","","1","FGOJmat5Xy2JpC1OKFwITw"
"1","2023/09/12","ATM利用手数料 海外キャッシング","-220","三井住友カード","その他","雑費","","0","mI0Gh7kYWKgUAvg9vze-YA"
"1","2023/09/12","CB&TL - GGJ (JOHOR )","-1042","三井住友カード","趣味・娯楽","旅行","","0","Q0f7YmUYeCjOEAFZAMIpQg"
"1","2023/09/12","GAROAD (MALAYSIA) SDN BHD(JOHOR BAHRU )","-2246","三井住友カード","趣味・娯楽","旅行","","0","wFPWJ5sjVJp9giyeDeKysA"
"1","2023/09/12","GAROAD (MALAYSIA) SDN BHD(JOHOR BAHRU )","-2695","三井住友カード","趣味・娯楽","旅行","","0","f8YJ-06BlTeKTFWSNOQIRg"
"1","2023/09/12","PSS TMN MOLEK (JOHOR )海外キャッシュサービス利息","-384","三井住友カード","未分類","未分類","","0","Tq8br0ttnnvQoVofbjucQg"
"0","2023/09/12","PSS TMN MOLEK (JOHOR )海外キャッシュサービス","-33453","三井住友カード","未分類","未分類","","1","8yH35KzPauXUhEB67NA2qQ"
"0","2023/09/12","振替 SBI証券","-3300","住信SBIネット銀行(一晃)","特別な支出","投資","","1","Hb8JrDz3joToKMdxuDJzDw"
"0","2023/09/12","カードローン","-15000","三井住友銀行(一晃)","住宅","ローン返済","","1","SzsBXDXqKirEUlVZF4Ut2Q"
"0","2023/09/12","DF.ウエルスナビ","-15000","三井住友銀行(一晃)","その他","事業投資","","1","DGsnUtTkrWv6tRUb7m6b1w"
"0","2023/09/12","カードローン","15000","三井住友銀行(一晃)","収入","カードローン","","1","PkFzjB6rBNpyQkv9kK_mtA"
"1","2023/09/11","武蔵野市水道料金等 23年 9月","-8635","三井住友カード","水道・光熱費","水道代","","0","L6Fq0kiF1zEg0ylGdDC4Dg"
"1","2023/09/11","BUS/MRT 318581328 (SINGAPORE )","-176","三井住友カード","趣味・娯楽","旅行","","0","FaatqUbMzMOYUnsqGxsNbg"
"1","2023/09/11","BUS/MRT 318436084 (SINGAPORE )","-176","三井住友カード","趣味・娯楽","旅行","","0","HkoOyB2JWEmGZLdFasMY-A"
"0","2023/09/11","海外キャッシュサービス","6332","財布（青木家）","未分類","未分類","","1","kYxIb6SnKnNvcj87Ybwuhw"
"1","2023/09/11","ATM利用手数料 海外キャッシング","-110","三井住友カード","その他","雑費","","0","wrgeZv31ORSmdhpDC4gdig"
"1","2023/09/11","KOPITIAM @ LAU PA SAT (SINGAPORE )","-810","三井住友カード","食費","外食","","0","xf6bv0u6vgXLn0eSof4W7w"
"1","2023/09/11","KOPITIAM @ LAU PA SAT (SINGAPORE )","-366","三井住友カード","食費","外食","","0","EZnqngXe-8mUpuNXPmOfPg"
"1","2023/09/11","TIONG BAHRU BAKERY (SINGAPORE )","-7581","三井住友カード","食費","外食","","0","Y1tPrx0kxbxXLJsMLBcEbw"
"1","2023/09/11","MASLEE EXPRESS-MOLEK PINE(JOHOR BAHRU )","-1050","三井住友カード","趣味・娯楽","旅行","","0","ub7meUnahooSUPPpH8C6JQ"
"1","2023/09/11","MASLEE EXPRESS-MOLEK PINE(JOHOR BAHRU )","-3708","三井住友カード","趣味・娯楽","旅行","","0","tCaj-ynh6WObWmwPhJiDEg"
"1","2023/09/11","7-ELEVEN TMN MOLEK JB JHR(JOHOR )","-650","三井住友カード","日用品","お小遣い(一晃)","","0","r7hO-AEjQaqODeL2RqJDlw"
"1","2023/09/11","HAYASHI (JOHOR BAHRU )","-3415","三井住友カード","趣味・娯楽","旅行","","0","4hNWeFTqEzy9Ph-sCn1EwQ"
"1","2023/09/11","GRAB* A-5DMMVFRWWEOW (SINGAPORE )","-799","三井住友カード","趣味・娯楽","旅行","","0","V5TVhLJaOs-AuxMiEdtteQ"
"1","2023/09/11","TAMAN MOLEK ATM 1 (JOHOR )海外キャッシュサービス利息","-75","三井住友カード","現金・カード","ATM引き出し","","0","j4Il2rPlztb-5Ej1LIADmg"
"0","2023/09/11","TAMAN MOLEK ATM 1 (JOHOR )海外キャッシュサービス","-6332","三井住友カード","未分類","未分類","","1","sEm9Nyt7BsBpodaPzTs90A"
"0","2023/09/11","振替 SBI証券","-1200","住信SBIネット銀行(一晃)","特別な支出","投資","","1","Rj8eo9Oa1-ks9yUzsYJewQ"
"0","2023/09/11","カードローン","-62701","三井住友銀行(一晃)","住宅","ローン返済","","1","GYxQdmBKCpE8IPoUzh--Tw"
"0","2023/09/11","ミツイスミトモカ-ド (カ","-731953","三井住友銀行(一晃)","現金・カード","カード引き落とし","","1","orfDkkACb7nZcTkAAcjrGw"
"0","2023/09/11","カードローン","62701","三井住友銀行(一晃)","収入","カードローン","","1","5K1DebK-a773xxna2R0VlA"
"1","2023/09/11","GRAB* A-5DMRGG6GWH4A (SINGAPORE )","-910","三井住友カード","趣味・娯楽","旅行","","0","m4zK6cNP9xFTcKbBClhffA"
"1","2023/09/10","BUS/MRT 317986669 (SINGAPORE )","-417","三井住友カード","趣味・娯楽","旅行","","0","UmUB3hiLcjFEKvxVv1sWbQ"
"1","2023/09/10","BUS/MRT 318162665 (SINGAPORE )","-417","三井住友カード","趣味・娯楽","旅行","","0","EdCX1OXzGv2kM63MffIicg"
"1","2023/09/10","MAXWELL FOOD CTR #01-83 (SINGAPORE )","-332","三井住友カード","趣味・娯楽","旅行","","0","x4WAEohbZPRcwVrt9A0TnA"
"1","2023/09/10","MBS049-W03 (SINGAPORE )","-621","三井住友カード","趣味・娯楽","旅行","","0","o3BBozg18EMiAnO1_Jm1VQ"
"1","2023/09/10","SBTB SATAY C1 (SINGAPORE )","-998","三井住友カード","趣味・娯楽","旅行","","0","PUC9fNETRbrLBZdqfjjdwQ"
"1","2023/09/10","BEVERAGES - SATAY BT THE (SINGAPORE )","-244","三井住友カード","趣味・娯楽","旅行","","0","7xDamxJL-9kdLNBumGAzfQ"
"1","2023/09/10","SBTB STALL 8 (SINGAPORE )","-665","三井住友カード","趣味・娯楽","旅行","","0","zuV20kQIUxgNZcVv1Q1SXg"
"1","2023/09/10","SBTB STALL 6 (SINGAPORE )","-1109","三井住友カード","趣味・娯楽","旅行","","0","wsO6zjNOwZdpyEpYi3-C9w"
"1","2023/09/10","STARBUCKS COFFEE@GBB (SINGAPORE )","-2452","三井住友カード","趣味・娯楽","旅行","","0","vW-JBuO2WHrNrv6HAv63aA"
"1","2023/09/10","COMFORT/CITYCAB TAXI (SINGAPORE )","-4538","三井住友カード","趣味・娯楽","旅行","","0","EDJRUUjvELm2_Gx3at4FQw"
"1","2023/09/10","TWG TEA COMPANY-MBS#B2-65(SINGAPORE )","-1109","三井住友カード","趣味・娯楽","旅行","","0","SKZLhbfiylyK06vuQMUAEA"
"1","2023/09/10","S PORE FLYER-KIOSK (SINGAPORE )","-11653","三井住友カード","趣味・娯楽","旅行","","0","joBCc9SWr9Vc6S4fG-p81g"
"0","2023/09/10","海外キャッシュサービス","10167","財布（青木家）","未分類","未分類","","1","CdYBd9IkXoSw57roE1ngQA"
"0","2023/09/10","海外キャッシュサービス","1129","財布（青木家）","未分類","未分類","","1","ja3qA8ZUOhQ9PuyZng49CA"
"1","2023/09/10","ATM利用手数料 海外キャッシング","-220","三井住友カード","その他","雑費","","0","rhccqSF9u28xHGcGdDYscw"
"1","2023/09/10","ATM利用手数料 海外キャッシング","-110","三井住友カード","その他","雑費","","0","Kd49o-W0SjnUFjJtNqS4Kg"
"1","2023/09/10","MAXICAB DR* MAXICABDRI (SINGAPORE )","-6765","三井住友カード","趣味・娯楽","旅行","","0","We4BHpcCvhtCnjWy4e2XMg"
"1","2023/09/10","AMAZON.CO.JP","-880","三井住友カード","特別な支出","家具・家電","","0","oEaHxDy7X9dmBFWKUpc_9Q"
"1","2023/09/10","GRAB* A-5DJP78AWWI2M (SINGAPORE )","-333","三井住友カード","趣味・娯楽","旅行","","0","KzEqtDp6RUM44W7LSrglbA"
"1","2023/09/10","GRAB* A-5DJP78AWWI2M (SINGAPORE )","-1099","三井住友カード","趣味・娯楽","旅行","","0","wfnZ9NLNlv_rP0MXRMy3MQ"
"1","2023/09/10","GRAB* A-5DIHLTJWWI7A (SINGAPORE )","-1409","三井住友カード","趣味・娯楽","旅行","","0","Yn9gbNfsD30QTP1gB8TjaA"
"1","2023/09/10","UOB A9310101 WATERFRONT P(SINGAPORE )海外キャッシュサービス利息","-124","三井住友カード","衣服・美容","衣服","","0","OgFcfIyq-4RqXMxhbbjhEQ"
"0","2023/09/10","UOB A9310101 WATERFRONT P(SINGAPORE )海外キャッシュサービス","-10167","三井住友カード","未分類","未分類","","1","S3IsPJzJRO1HVfdVH6KYpQ"
"1","2023/09/10","UOB A9310101 WATERFRONT P(SINGAPORE )海外キャッシュサービス利息","-13","三井住友カード","衣服・美容","衣服","","0","HSlnKDriEUsWB1aPc4VqPA"
"0","2023/09/10","UOB A9310101 WATERFRONT P(SINGAPORE )海外キャッシュサービス","-1129","三井住友カード","未分類","未分類","","1","UzWClLjyvIj4SIQJJBIfWQ"
"1","2023/09/09","ナリタコクサイクウコウタ-ミナル","-3480","VIEW CARD(VIEW's NET サービスID)","食費","その他食費","","0","q8ztsBacynNUZin8erlKOA"
"1","2023/09/09","1822マツモトキヨシDS武蔵境店","-3018","三井住友カード","日用品","ドラッグストア","","0","qwdber-W7XUJHrJo1y9H7w"
"1","2023/09/09","NEWoMan SHINJUKU(E)","-1853","三井住友カード","趣味・娯楽","旅行","","0","NKNWUA69Mw9ehTb6Xjlzkg"
"1","2023/09/09","新宿高速バスターミナル/iD","-4800","三井住友カード","趣味・娯楽","旅行","バス","0","uGcsOPRKAlAT-2k4J65dsQ"
"1","2023/09/09","成田国際空港ターミナル/iD","-749","三井住友カード","食費","その他食費","","0","0Ww-H-9m6q9bUocoUXM9pA"
"1","2023/09/09","成田国際空港ターミナル/iD","-2200","三井住友カード","食費","その他食費","","0","ipLpHpAU948I1WcRh4mQjA"
"1","2023/09/09","和親交通/iD","-1700","三井住友カード","交通費","タクシー","","0","QHdhgzmxGU49G0OnnB3CKQ"
"1","2023/09/09","日本空港ビル成田空港店/iD","-3135","三井住友カード","食費","外食","","0","YoYB8jIQ3UdNyxblHwd9RA"
"1","2023/09/08","積立増資(9月2回)","-200","パルシステム","食費","食料品","","0","u__i0RxSdevHZGYVUL4cCQ"
"1","2023/09/08","パルシステム手数料(9月2回)","-248","パルシステム","その他","雑費","","0","kTWTCgKDVaiLPja-jhrp2w"
"1","2023/09/08","桜町病院売店","-839","三井住友カード","健康・医療","医療費","","0","WIyuIn6qqo37l38X6L3cbA"
"1","2023/09/08","エコ薬局/iD","-915","三井住友カード","健康・医療","薬","","0","XMHlmkiTUswDLsXAo2Uaig"
"1","2023/09/08","松屋 小金井関野町店/iD","-1320","三井住友カード","食費","外食","","0","efJAC8R9zWp8nRUdv5Vv7A"
"1","2023/09/08","APPLE COM BILL","-1500","三井住友カード","通信費","その他通信費","","0","PI9PyJ14OFDF8tIWhWlx5A"
"1","2023/09/08","ディズニープラス(ドコモ課金)","-990","三井住友カード","通信費","携帯電話","","0","vWh17GjGme7DT18BLwDd1Q"
"1","2023/09/08","1371マツモトキヨシDS武蔵野八/iD","-5975","三井住友カード","日用品","ドラッグストア","","0","0aIrOEq7xo8dTPnhurvFQg"
"1","2023/09/08","セブン-イレブン/iD","-1190","三井住友カード","食費","食料品","","0","WMy03C8WTznidmA4dO3EHg"
"1","2023/09/08","セブン-イレブン/iD","-156","三井住友カード","食費","食料品","","0","clON8yKcuZuueCv10LUTVA"
"1","2023/09/08","サイゼリヤ","-1800","三井住友カード","食費","外食","","0","N9zvkZrg8R6xD-SewEvGew"
"0","2023/09/08","振替 SBI証券","-1100","住信SBIネット銀行(一晃)","特別な支出","投資","","1","VCminv0m8qzSvGDZAQglbg"
"1","2023/09/08","増資(課税対象外)","-200","パルシステム","食費","食費","","0","5x-ONihtH-DWDvnegh60iQ"
"1","2023/09/08","ほりうちクリニック","-1620","財布（青木家）","健康・医療","医療費","","0","jCWrWdyikuwKEKHuUM6kjg"
"1","2023/09/08","メガロスカイヒ(SMFS","-10450","三井住友銀行(一晃)","健康・医療","フィットネス","","0","6Sf-G5WAv0RL1_1w2pJe4w"
"1","2023/09/08","メガロスカイヒ(SMFS","-4730","三井住友銀行(一晃)","健康・医療","フィットネス","","0","I3DB7_sXhpqebiCfzDoA-Q"
"1","2023/09/07","あずきのチカラ どこでもベルト 100%あずきの天然蒸気 背中に 腰に 首・肩に チンしてくり返し使える 1個 約250回(おまけ付)小林製薬 販売: アマゾンジャパン合同会社","-1313","Amazon.co.jp","健康・医療","薬","","0","pZ1hOWnJgfToMXUU81c7VA"
"1","2023/09/07","久原本家","-14713","三井住友カード","食費","食費","","0","7lAzH0Vr6nKb3zagTGUmzA"
"0","2023/09/07","振替 SBI証券","-2050","住信SBIネット銀行(一晃)","特別な支出","投資","","1","IOAH69Ofuu0vpgz_KToqvQ"
"1","2023/09/06","割引","54","Amazon.co.jp","収入","一時所得","","0","FuKDtSDXOZA2ck19h3Ontg"
"1","2023/09/06","驚異の防臭袋 BOS (ボス) おむつが臭わない袋 Mサイズ 90枚入り 大人用 おむつ ・ うんち 処理袋 【袋カラー:ホ 販売: BOS-SHOP","-1080","Amazon.co.jp","日用品","介護用品","","0","_c_vS7_jaQWBgmh6k17rSg"
"1","2023/09/06","割引","384","Amazon.co.jp","収入","一時所得","","0","4pI_lnISf--HGpiHChSaBQ"
"1","2023/09/06","サルバおむつとりかえ手袋 ふつう100枚入 (854円 * 3点) 販売: アマゾンジャパン合同会社","-2562","Amazon.co.jp","日用品","介護用品","","0","EnZzGI2Tj-64GAcqrPrAVA"
"1","2023/09/06","配送料・手数料","-240","Amazon.co.jp","日用品","お小遣い(美代子)","","0","VsjLttzdxjwZASB8yC0qtw"
"1","2023/09/06","やせる! (光文社新書) 販売: バリューブックス 【防水梱包で、丁寧に発送します】","-160","Amazon.co.jp","日用品","お小遣い(美代子)","","0","B1TgtxdC1nh-YdMEP4ZebQ"
"1","2023/09/06","DANNI&TONI フットジェルネイルシール 硬化タイプ 足用 ネイルシール 半硬化 ジェルネイルシール フット 硬化タイプ ネイルシール フット 硬化ジェルネイル フット 足爪ジェルネイル ジェルネイルシール 足用 硬化タイプ フット ジェルネイルシール 硬化タイプ 足用 ネイル ネイルシール ジェルネイルシール ネイルパーツ ジェルネイルキット カラージェル パーツ キット セルフネイル ネイルステッカー ネイルデザイン ネイルオイル ネイルチップ 長持ち 37pcs ハサミ無しRef.3636 Crimson Elegance 販売: Danni&Toni公式ショップ","-1750","Amazon.co.jp","自動車","ガソリン","","0","YtaLix-UxoWeZgpcsx4Ytw"
"1","2023/09/06","[Tetote] 遠赤 アームウォーマー ブラウン 巻付け 面ファスナー レディース メンズ サイズ調整 介護 あたため ケガ 手元の冷え対策 左右セット 販売: 丸田シャツ株式会社","-2736","Amazon.co.jp","日用品","お小遣い(美代子)","","0","Jqdc2pDwQVuyuDD3rGRExA"
"1","2023/09/06","肩あたためサポーター 保温専用 肩パッド付2重構造 肩サポーター 肩当て 肩温めグッズ 肩ウォーマー [Rela Kino] (ブラック, L) 販売: Rela Kino(リラキノ)公式ショップ","-1980","Amazon.co.jp","日用品","お小遣い(美代子)","","0","aWYMky0ktpydr2cXcBb-bg"
"1","2023/09/06","配送料・手数料","-257","Amazon.co.jp","日用品","お小遣い(美代子)","","0","5YdsoQjCbSIZY2YQlXI3TA"
"1","2023/09/06","2週間で人生を取り戻す! 勝間式汚部屋脱出プログラム 販売: BOOKOFF北九州店","-140","Amazon.co.jp","教養・教育","書籍","","0","yUB2JyCoQxFcyB7rFnv4Mg"
"1","2023/09/06","配送料・手数料","-300","Amazon.co.jp","日用品","お小遣い(美代子)","","0","C8JkIE03eLur9ECK4qV7jw"
"1","2023/09/06","ラクして おいしく、太らない! 勝間式超ロジカル料理 販売: EBO-OKS【11月10日19時~11月12日までメール等のお問合せ対応お休みとなります】","-399","Amazon.co.jp","日用品","お小遣い(美代子)","","0","5bUUhXIWj-dhbtoiV4QRCw"
"1","2023/09/06","NURO光 ご利用料金","-6271","三井住友カード","通信費","インターネット","","0","AR6Vppizg-C_EtM4ii5Vqg"
"0","2023/09/06","振替 SBI証券","-2900","住信SBIネット銀行(一晃)","特別な支出","投資","","1","AxUDCNzr06UOSoJRVrwQ0A"
"1","2023/09/06","日本鞄材株式会社","-8820","三井住友カード","趣味・娯楽","旅行","","0","nDI9G1aJomB9awDRV4idcw"
"0","2023/09/06","DF.ウエルスナビ","-15000","三井住友銀行(一晃)","その他","事業投資","","1","wcwJth3aho9q3iNNdzzvOw"
"1","2023/09/05","割引","400","Amazon.co.jp","収入","一時所得","","0","kPoLTdHzDs_sYFxDvdK3WQ"
"1","2023/09/05","日清食品 カップヌードル シーフードヌードル 75gx20個 販売: アマゾンジャパン合同会社","-4000","Amazon.co.jp","食費","食料品","","0","dg_uin7p2rabcSbc12DSpA"
"1","2023/09/05","割引","632","Amazon.co.jp","収入","一時所得","","0","x4chZpvaFpi1NbvpXm5m8Q"
"1","2023/09/05","【Amazon.co.jp限定】 【ケース販売】ワイドハイターEXパワー 業務用 専用箱(花王プロフェッショナルシリーズ) ク 販売: アマゾンジャパン合同会社","-4210","Amazon.co.jp","日用品","日用品","","0","8rfk4qhr-caJ6q4TWZFkPw"
"1","2023/09/05","大塚製薬工場 経口補水液 オーエスワン 500mlx24本 販売: アマゾンジャパン合同会社","-4133","Amazon.co.jp","日用品","介護用品","","0","u8BJVyhwj8zlcV51KZMPSw"
"0","2023/09/05","振替 SBI証券","-2900","住信SBIネット銀行(一晃)","特別な支出","投資","","1","XIHhTcoF08IeM6VzIvqrxg"
"1","2023/09/04","イトーヨーカドー 武蔵境店/iD","-977","三井住友カード","日用品","日用品","","0","f7q6cojFvr3WLa5MpKbCzA"
"1","2023/09/04","イトーヨーカドー 武蔵境店/iD","-3460","三井住友カード","日用品","日用品","","0","nx14g2AKuo7XFc3Vnvalyw"
"1","2023/09/04","イトーヨーカドー 武蔵境店/iD","-380","三井住友カード","日用品","日用品","","0","5Nueic36OIIRZ-rEutq3pw"
"1","2023/09/04","スターバックスコーヒージャパン","-1082","三井住友カード","食費","外食","","0","O2cqUEEkTsIX5JphqzBqwg"
"0","2023/09/04","振替 SBI証券","-1600","住信SBIネット銀行(一晃)","特別な支出","投資","","1","5Zbjfic2ydlG9sU4M0WKeQ"
"1","2023/09/03","Amazonポイント","645","Amazon.co.jp","収入","一時所得","","0","z2t8cURI0KQ2XwXzRj7Ppg"
"1","2023/09/03","配送料・手数料","-500","Amazon.co.jp","日用品","お小遣い(美代子)","","0","VzcXjKf5LW_OIUZIgADyyw"
"1","2023/09/03","論理力は小学6年間の国語で強くなる 販売: す み れ","-145","Amazon.co.jp","日用品","子育て用品","","0","0fIUH75x7RNNI08_hTcQCg"
"1","2023/09/03","【お急ぎ便】お得な2枚セット!AIS SIM2Flyアジア32ヶ国プリペイドSIMカード / データ通信6GB / 8日間(192時間) /インド インドネシア オーストラリア 韓国 カンボジア シンガポール タイ 台湾 中国 日本 フィリピン ベトナム 香港 マカオ マレーシア等 販売: 株式会社ワイズ・ソリューションズ","-3400","Amazon.co.jp","趣味・娯楽","旅行","","0","DpJ0LdF1Srt02Lpy-SAszA"
"1","2023/09/03","パークス小金井","-650","三井住友カード","食費","外食","","0","uS_rjrifa2PnyDxyTe95IQ"
"1","2023/09/03","小金井バーベキューショップ","-510","三井住友カード","食費","外食","","0","xLLDluseP2zPIREkkJMPaQ"
"1","2023/09/03","パークス小金井","-1280","三井住友カード","食費","外食","","0","imTqHNZ8DvibMdWVtQ7vFw"
"1","2023/09/03","おふろの王様 花小金井店","-6450","三井住友カード","日用品","お小遣い(美代子)","","0","R-JaKxdZIjPELDDckBdhGQ"
"1","2023/09/03","おふろの王様 花小金井店","-1180","三井住友カード","日用品","お小遣い(美代子)","","0","8rtEHkyMDqUolTnvjHy-rA"
"1","2023/09/03","マクドナルドモバイルオーダー/AP","-1200","三井住友カード","食費","外食","","0","-sXUKPiCXSfbqskTaVgIGg"
"1","2023/09/02","Amazonポイント","1111","Amazon.co.jp","収入","一時所得","","0","mIl_e4r3MXSBRooqiUElXg"
"1","2023/09/02","配送料・手数料","-350","Amazon.co.jp","日用品","お小遣い(美代子)","","0","_o4qYALokSxqePDtAWgkZw"
"1","2023/09/02","頭のいい子の親がやっている「見守る」子育て 販売: PitBox","-761","Amazon.co.jp","日用品","子育て用品","","0","H4axnbcQ1H7-FA3aC3ugfA"
"1","2023/09/02","東京電力 電気料金等","-8178","三井住友カード","水道・光熱費","電気代","","0","WLIciq_yhcYx6Fps8Go_zA"
"1","2023/09/02","ファミリーマート/iD","-321","三井住友カード","日用品","お小遣い(一晃)","","0","lrlURSS0CDV4NjtBBPnpLQ"
"1","2023/09/02","和親交通/iD","-500","三井住友カード","交通費","タクシー","","0","1kHcVTsZN8WFUn8211cNWg"
"1","2023/09/02","アトレ吉祥寺","-3159","三井住友カード","食費","外食","","0","ma_3Fu-hkPKnZx9aNINlgA"
"1","2023/09/02","アトレ吉祥寺","-10879","三井住友カード","食費","外食","","0","IdsDiEGzKHM08-i0aJfy9g"
"1","2023/09/02","アトレ吉祥寺","-19110","三井住友カード","食費","外食","","0","-AtM4H-TmyIwMsmUwuK4rg"
"1","2023/09/02","アトレ吉祥寺","-550","三井住友カード","食費","外食","","0","peNwyZBDD4NTUvenaHNNsQ"
"1","2023/09/02","オーケー三鷹北口店/iD","-666","三井住友カード","食費","食料品","","0","WAdYMgs4EoL1j6wXUf3klA"
"1","2023/09/02","飲料自販機/iD","-130","三井住友カード","食費","食料品","","0","t5hNSiembZivplWRbvMqqQ"
"1","2023/09/02","振込手数料","-330","三井住友銀行(一晃)","特別な支出","住宅・リフォーム","","0","vhdHsJqdWDGpyjIRkMZBvg"
"1","2023/09/02","パソコン振込 ワイズペイメンツジヤパン(カ","-111304","三井住友銀行(一晃)","趣味・娯楽","旅行","","0","-_V4XJsq6RmBGFl3AAYbUA"
"1","2023/09/01","Amazonポイント","1680","Amazon.co.jp","収入","一時所得","","0","gVGz4sJw7FsxLVf3vqgl1g"
"1","2023/09/01","Love-KANKEI 圧縮袋 衣類圧縮袋 M・L各5枚+XL2枚=12枚組 掃除機不要 防塵 防湿 防虫 防カビ 繰り返し使用出来 衣替え収納/旅行/引越し/出張/家庭用 販売: Kankei JP【全品1年保証付・安心対応】 商品についての質問は こちら","-1680","Amazon.co.jp","日用品","日用品","","0","ZRLUy950fOf6At-_cTQm2A"
"1","2023/09/01","Amazonポイント","551","Amazon.co.jp","収入","一時所得","","0","5y6gblGhCQB-Qn0sbYigrA"
"1","2023/09/01","配送料・手数料","-257","Amazon.co.jp","日用品","お小遣い(美代子)","","0","Mgtfs3eiJYs0FTje15j7Sg"
"1","2023/09/01","親も子もハッピーになる最強の子育て 販売: 寛名堂◇コンビニ支払い等、各種支払いOKです◇","-294","Amazon.co.jp","日用品","子育て用品","","0","jj1VA48T7b1pyKMn34BpAg"
"1","2023/09/01","世界一やさしい おうちゆるモンテッソーリ 販売: 買取王子 本店","-1322","Amazon.co.jp","日用品","子育て用品","","0","P1QpPXHere0wdxXU0CecPw"
"1","2023/09/01","アフラック(WEB)","-3984","三井住友カード","保険","医療保険","","0","DNqZu8-okFAMcnc6-ZeRtg"
"1","2023/09/01","アオバジャパン・バイリンガルプリスクール","-27500","三井住友カード","教養・教育","習いごと","","0","Qg9aWdgi5UGaPzNuEsrQyQ"
"1","2023/09/01","メニユ―","-3510","三井住友カード","食費","外食","","0","UTC6oJglpkg5R_muxXkD-Q"
"1","2023/09/01","積立増資(9月1回)","-200","パルシステム","食費","食料品","","0","vO8sPaSi56c25RxBSuH4mw"
"1","2023/09/01","パルシステム手数料(9月1回)","-165","パルシステム","その他","雑費","","0","W8Idrksa4tCDZYqfiP2BSQ"
"1","2023/09/01","増資(課税対象外)","-200","パルシステム","食費","食費","","0","sPEcCg-FTLI0GD5iX31QuQ"
"1","2023/09/01","北海道産ブロッコリー 200g レシピ","-410","パルシステム","食費","食料品","","0","DVTXqTFIo-o8vhpxKw7MEQ"
"1","2023/09/01","7品目の大根サラダ(国産野菜) 120g","-320","パルシステム","食費","食料品","","0","Nu-m3xlYoVsx7Zjxqe3rNA"
"1","2023/09/01","浅漬けの素(昆布だし) 400ml","-256","パルシステム","食費","食料品","","0","fo1rTEkJdcw1DoWFQpqH2A"
"1","2023/09/01","中華丼の具 185g×3","-581","パルシステム","食費","外食","","0","fwMXFqeIBiTbeBLglSkS6g"
"1","2023/09/01","信州望月高原の産直白菜キムチ 200g レシピ","-302","パルシステム","食費","食料品","","0","_Tvuf93GvbYWaqXXUQStPg"
"1","2023/09/01","北海道産いんげん 250g レシピ","-322","パルシステム","食費","食料品","","0","7cguS8r-SUIC9WhlWfnyAQ"
"1","2023/09/01","九州のほうれん草(カット・バラ凍結) 270g レシピ","-312","パルシステム","食費","食料品","","0","wSlhSv18ITk4j5jWUjtQyQ"
"1","2023/09/01","ブロッコリー 1個 レシピ","-246","パルシステム","食費","食料品","","0","hf15XNw4h2_DcAp_WwDtuw"
"1","2023/09/01","白菜(カット) 1/4カット レシピ","-171","パルシステム","食費","食料品","","0","ZIBNodpU7sHid8BxuoPyKw"
"1","2023/09/01","山形県庄内産冷凍ちゃ豆 250g レシピ","-410","パルシステム","食費","食料品","","0","qcAkbCRhd_X4TwgWwvdVIg"
"1","2023/09/01","徳用焼きおにぎりバーガー(産直米・国産牛焼肉) 5個600g","-1186","パルシステム","食費","外食","","0","rOC2lQqIwiWS5dxPSTMohA"
"1","2023/09/01","産直たまご(赤玉またはピンク玉) 10個(MS~LL) レシピ","-354","パルシステム","食費","食料品","","0","kcmAPPq9weDnfEjdRxOW4w"
"1","2023/09/01","【定期お届け】 【毎週】酪農家の低脂肪牛乳 1000ml レシピ","-279","パルシステム","食費","食料品","","0","G52pKEGTCbRvP5x0APoapw"
"1","2023/09/01","【定期お届け】 【毎週】酪農家の牛乳 1000ml レシピ","-280","パルシステム","食費","食料品","","0","wkaBh2YsQyg3pVk3FUsS-g"
"0","2023/09/01","振替 SBI証券","-1100","住信SBIネット銀行(一晃)","特別な支出","投資","","1","aDRJCynvoLiRN-bjGiMGiQ"
